{"cameraMode":{"drawMode":0,"name":"Shaded","section":"Shading Mode"},"sceneLighting":true,"audioPlay":false,"sceneViewState":{"showFog":false,"showMaterialUpdate":false,"showSkybox":false,"showFlares":false,"showImageEffects":false,"showParticleSystems":false},"in2DMode":false,"pivot":{"x":-0.5602887868881226,"y":-1.73046875,"z":34.858734130859378},"rotation":{"x":0.5041812062263489,"y":-0.495783269405365,"z":0.49578315019607546,"w":0.5041812062263489},"size":28.121095657348634,"orthographic":true}