{"cameraMode":{"drawMode":0,"name":"Shaded","section":"Shading Mode"},"sceneLighting":true,"audioPlay":false,"sceneViewState":{"showFog":false,"showMaterialUpdate":false,"showSkybox":false,"showFlares":false,"showImageEffects":false,"showParticleSystems":false},"in2DMode":false,"pivot":{"x":6.624126434326172,"y":6.178999900817871,"z":2.891145706176758},"rotation":{"x":0.029988067224621774,"y":-0.022487863898277284,"z":0.0006750797037966549,"w":0.9993033409118652},"size":10.0,"orthographic":true}