{"cameraMode":{"drawMode":0,"name":"Shaded","section":"Shading Mode"},"sceneLighting":true,"audioPlay":false,"sceneViewState":{"showFog":false,"showMaterialUpdate":false,"showSkybox":false,"showFlares":false,"showImageEffects":false,"showParticleSystems":false},"in2DMode":false,"pivot":{"x":12.944381713867188,"y":8.2701416015625,"z":-14.24072265625},"rotation":{"x":0.1857519894838333,"y":-0.025052903220057489,"z":0.004738076124340296,"w":0.9822680354118347},"size":1.3240368366241456,"orthographic":true}