{"cameraMode":{"drawMode":0,"name":"Shaded","section":"Shading Mode"},"sceneLighting":true,"audioPlay":false,"sceneViewState":{"showFog":false,"showMaterialUpdate":false,"showSkybox":false,"showFlares":false,"showImageEffects":false,"showParticleSystems":false},"in2DMode":false,"pivot":{"x":-0.8475198745727539,"y":3.6189992427825929,"z":-1.3344426155090333},"rotation":{"x":0.15748170018196107,"y":-0.05625574663281441,"z":0.008985858410596848,"w":0.9858882427215576},"size":16.227067947387697,"orthographic":true}