{"cameraMode":{"drawMode":0,"name":"Shaded","section":"Shading Mode"},"sceneLighting":true,"audioPlay":false,"sceneViewState":{"showFog":false,"showMaterialUpdate":false,"showSkybox":false,"showFlares":false,"showImageEffects":false,"showParticleSystems":false},"in2DMode":false,"pivot":{"x":10.118555068969727,"y":-4.385440826416016,"z":49.99502182006836},"rotation":{"x":0.4609348773956299,"y":0.2354901134967804,"z":-0.12831155955791474,"w":0.8459503054618836},"size":40.122589111328128,"orthographic":false}