{"cameraMode":{"drawMode":0,"name":"Shaded","section":"Shading Mode"},"sceneLighting":true,"audioPlay":false,"sceneViewState":{"showFog":false,"showMaterialUpdate":false,"showSkybox":false,"showFlares":false,"showImageEffects":false,"showParticleSystems":false},"in2DMode":false,"pivot":{"x":6.624125957489014,"y":120.5999984741211,"z":210.6199951171875},"rotation":{"x":0.6360393166542053,"y":0.00810155738145113,"z":-0.0066797020845115189,"w":0.7715882062911987},"size":122.01243591308594,"orthographic":true}